{
 "megakernel_ms": {
  "p50": 30.75334358215332,
  "min": 30.685855865478516
 },
 "reference_loop_ms": {
  "p50": 201.38483428955078,
  "min": 184.51756286621094
 },
 "speedup_p50": 6.548388267167729,
 "max_abs_diff": 0.0055010318756103516,
 "cos": 0.9999974966049194,
 "Lk": 493,
 "Tv": 30,
 "adim": 6
}