{
 "megakernel_ms": {
  "p50": 38.61854362487793,
  "min": 38.57059097290039
 },
 "reference_loop_ms": {
  "p50": 569.4671630859375,
  "min": 567.8406982421875
 },
 "speedup_p50": 14.745951287481715,
 "max_abs_diff": 0.005320906639099121,
 "cos": 0.9999972581863403,
 "Lk": 493,
 "Tv": 30,
 "adim": 6
}